INSEAD,http://poetsandquants.com/school-profile/1-insead/
http://poetsandquants.com/school-profile/stanford-graduate-school-of-business/,http://poetsandquants.com/school-profile/stanford-graduate-school-of-business/
http://poetsandquants.com/school-profile/university-of-pennsylvania-the-wharton-school/,http://poetsandquants.com/school-profile/university-of-pennsylvania-the-wharton-school/
http://poetsandquants.com/school-profile/harvard-university-harvard-business-school/,http://poetsandquants.com/school-profile/harvard-university-harvard-business-school/
Cambridge (Judge),http://poetsandquants.com/school-profile/university-cambridge-judge-business-school/
London Business School,http://poetsandquants.com/school-profile/london-business-school/
http://poetsandquants.com/school-profile/columbia-university/,http://poetsandquants.com/school-profile/columbia-university/
IE Business School,http://poetsandquants.com/school-profile/ie-business-school/
http://poetsandquants.com/school-profile/university-of-chicago-booth-school-of-business/,http://poetsandquants.com/school-profile/university-of-chicago-booth-school-of-business/
IESE Business School,http://poetsandquants.com/school-profile/iese-business-school-at-the-university-of-navarra/
CEIBS,http://poetsandquants.com/school-profile/chinese-european-international-business-school/
http://poetsandquants.com/school-profile/kellogg-school-of-management-at-northwestern-university/,http://poetsandquants.com/school-profile/kellogg-school-of-management-at-northwestern-university/
http://poetsandquants.com/school-profile/mit-sloan-school-of-management/,http://poetsandquants.com/school-profile/mit-sloan-school-of-management/
http://poetsandquants.com/school-profile/university-of-california-berkeley-haas-school-of-business/,http://poetsandquants.com/school-profile/university-of-california-berkeley-haas-school-of-business/
http://poetsandquants.com/school-profile/hong-kong-university-science-technologys-school-business-management/,http://poetsandquants.com/school-profile/hong-kong-university-science-technologys-school-business-management/
http://poetsandquants.com/school-profile/yale-school-of-management/,http://poetsandquants.com/school-profile/yale-school-of-management/
ESADE,http://poetsandquants.com/school-profile/esade/
http://poetsandquants.com/school-profile/dartmouths-tuck-school-of-business/,http://poetsandquants.com/school-profile/dartmouths-tuck-school-of-business/
http://poetsandquants.com/school-profile/new-york-universitys-leonard-n-stern-school-of-business/,http://poetsandquants.com/school-profile/new-york-universitys-leonard-n-stern-school-of-business/
HEC Paris,http://poetsandquants.com/school-profile/hec-paris/
IMD,http://poetsandquants.com/school-profile/imd-international-institute-for-management-development/
SDA Bocconi,http://poetsandquants.com/school-profile/sda-bocconi-school-management/
http://poetsandquants.com/school-profile/university-of-michigans-ross-school-of-business/,http://poetsandquants.com/school-profile/university-of-michigans-ross-school-of-business/
http://poetsandquants.com/school-profile/duke-universitys-fuqua-school-business/,http://poetsandquants.com/school-profile/duke-universitys-fuqua-school-business/
Nanyang Business School,http://poetsandquants.com/school-profile/nanyang-business-school-at-nanyang-technological-university/
National University of Singapore,http://poetsandquants.com/school-profile/national-university-singapore-business-school/
http://poetsandquants.com/school-profile/samuel-curtis-johnson-graduate-school-of-management-at-cornell-university/,http://poetsandquants.com/school-profile/samuel-curtis-johnson-graduate-school-of-management-at-cornell-university/
Indian School of Business,http://poetsandquants.com/school-profile/indian-school-business/
Indian Institute of Mgt.-Ahmedabad,http://poetsandquants.com/school-profile/inidian-institute-management/
Manchester Business School,http://poetsandquants.com/school-profile/manchester-business-school/
Rotterdam Business School,http://poetsandquants.com/school-profile/rotterdam-school-management-erasmus-university/
http://poetsandquants.com/school-profile/university-of-california-los-angeles-anderson-school/,http://poetsandquants.com/school-profile/university-of-california-los-angeles-anderson-school/
Oxford (Saïd),http://poetsandquants.com/school-profile/university-of-oxford-said-business-school/
Shanghai Jiao Tong,http://poetsandquants.com/school-profile/shanghai-jiao-tong-universitys-antai-college-economics-management/
http://poetsandquants.com/school-profile/university-of-virginia-darden-school-of-business/,http://poetsandquants.com/school-profile/university-of-virginia-darden-school-of-business/
http://poetsandquants.com/school-profile/chinese-university-of-hong-kong-business-school/,http://poetsandquants.com/school-profile/chinese-university-of-hong-kong-business-school/
City University (Cass),http://poetsandquants.com/school-profile/cass-business-school-city-university-london/
http://poetsandquants.com/school-profile/carnegie-mellon-university-tepper-school-of-business/,http://poetsandquants.com/school-profile/carnegie-mellon-university-tepper-school-of-business/
Hong Kong UST,http://poetsandquants.com/school-profile/hong-kong-university-science-technologys-school-business-management/
http://poetsandquants.com/school-profile/georgetown-universitys-mcdonough-school-of-business/,http://poetsandquants.com/school-profile/georgetown-universitys-mcdonough-school-of-business/
http://poetsandquants.com/school-profile/university-of-washingtons-foster-school-of-business/,http://poetsandquants.com/school-profile/university-of-washingtons-foster-school-of-business/
Lancaster School of Management,http://poetsandquants.com/school-profile/lancaster-university-management-school/
http://poetsandquants.com/school-profile/university-of-north-carolina-kenan-flagler-business-school/,http://poetsandquants.com/school-profile/university-of-north-carolina-kenan-flagler-business-school/
Warwick Business School,http://poetsandquants.com/school-profile/warwick-business-school/
Imperial Business School,http://poetsandquants.com/school-profile/imperial-college-business-school/
http://poetsandquants.com/2015/07/23/university-of-texas-at-austin-mccombs-school-of-business/,http://poetsandquants.com/2015/07/23/university-of-texas-at-austin-mccombs-school-of-business/
http://poetsandquants.com/school-profile/indiana-university-kelley-school-of-business/,http://poetsandquants.com/school-profile/indiana-university-kelley-school-of-business/
http://poetsandquants.com/school-profile/uscs-marshall-school-of-business/,http://poetsandquants.com/school-profile/uscs-marshall-school-of-business/
Macquarie,http://poetsandquants.com/school-profile/macquarie-university-graduate-school-management/
http://poetsandquants.com/school-profile/emory-university-goizueta-business-school/,http://poetsandquants.com/school-profile/emory-university-goizueta-business-school/
http://poetsandquants.com/school-profile/maryland-smith/,http://poetsandquants.com/school-profile/maryland-smith/
Cranfield School of Management,http://poetsandquants.com/school-profile/cranfield-university-school-management/
Mannheim Business School,http://poetsandquants.com/school-profile/mannheim-business-school/
http://poetsandquants.com/school-profile/sungkyunkwan-universitys-graduate-school-business/,http://poetsandquants.com/school-profile/sungkyunkwan-universitys-graduate-school-business/
Australian Graduate School of Management,http://poetsandquants.com/school-profile/australian-graduate-school-management/
http://poetsandquants.com/school-profile/arizona-states-w-p-carey-school-of-business/,http://poetsandquants.com/school-profile/arizona-states-w-p-carey-school-of-business/
http://poetsandquants.com/school-profile/michigan-state-university-broad-college-of-business/,http://poetsandquants.com/school-profile/michigan-state-university-broad-college-of-business/
St. Gallen,http://poetsandquants.com/school-profile/university-st-gallen/
http://poetsandquants.com/school-profile/notre-dames-mendoza-college-of-business/,http://poetsandquants.com/school-profile/notre-dames-mendoza-college-of-business/
http://poetsandquants.com/school-profile/georgia-institute-of-technologys-scheller-college-of-business/,http://poetsandquants.com/school-profile/georgia-institute-of-technologys-scheller-college-of-business/
http://poetsandquants.com/school-profile/uc-irvines-paul-merage-school-of-business/,http://poetsandquants.com/school-profile/uc-irvines-paul-merage-school-of-business/
http://poetsandquants.com/school-profile/26-ohio-state-universitys-fisher-college-of-business/,http://poetsandquants.com/school-profile/26-ohio-state-universitys-fisher-college-of-business/
http://poetsandquants.com/school-profile/26-ohio-state-universitys-fisher-college-of-business/,http://poetsandquants.com/school-profile/26-ohio-state-universitys-fisher-college-of-business/
http://poetsandquants.com/school-profile/brigham-youngs-marriott-school-of-management/,http://poetsandquants.com/school-profile/brigham-youngs-marriott-school-of-management/
Toronto (Rotman),http://poetsandquants.com/school-profile/university-of-toronto-rotman-school-of-management/
http://poetsandquants.com/school-profile/university-of-wisconsin-madison-business-school/,http://poetsandquants.com/school-profile/university-of-wisconsin-madison-business-school/
http://poetsandquants.com/school-profile/washington-universitys-olin-business-school-in-st-louis/,http://poetsandquants.com/school-profile/washington-universitys-olin-business-school-in-st-louis/
http://poetsandquants.com/school-profile/purdue-university-krannert-school-management/,http://poetsandquants.com/school-profile/purdue-university-krannert-school-management/
http://poetsandquants.com/school-profile/rutgers-business-school/,http://poetsandquants.com/school-profile/rutgers-business-school/
The Lisbon MBA,http://poetsandquants.com/school-profile/the-lisbon-mba/
ESMT,http://poetsandquants.com/school-profile/european-school-management-technology-2/
University College Dublin (Smurfit),http://poetsandquants.com/school-profile/ucd-michael-smurfit-graduate-business-school/
EDHEC,http://poetsandquants.com/school-profile/edhec-business-school/
Durham Business School,http://poetsandquants.com/school-profile/durham-university-business-school/
Melbourne Business School,http://poetsandquants.com/school-profile/melbourne-business-school/
http://poetsandquants.com/school-profile/university-of-south-carolina-darla-moore-school-of-business/,http://poetsandquants.com/school-profile/university-of-south-carolina-darla-moore-school-of-business/
http://poetsandquants.com/school-profile/simon-business-school-at-the-university-of-rochester/,http://poetsandquants.com/school-profile/simon-business-school-at-the-university-of-rochester/
http://poetsandquants.com/school-profile/vanderbilt-universitys-owen-school-of-management/,http://poetsandquants.com/school-profile/vanderbilt-universitys-owen-school-of-management/
Strathclyde Business School,http://poetsandquants.com/school-profile/university-of-strathclyde-business-school/
http://poetsandquants.com/school-profile/boston-colleges-carroll-school-management/,http://poetsandquants.com/school-profile/boston-colleges-carroll-school-management/
http://poetsandquants.com/school-profile/boston-university-questrom-school-of-business/,http://poetsandquants.com/school-profile/boston-university-questrom-school-of-business/
http://poetsandquants.com/school-profile/illinois-college-business-urbana-champaign/,http://poetsandquants.com/school-profile/illinois-college-business-urbana-champaign/
http://poetsandquants.com/school-profile/university-of-iowa-tippie-school-of-management/,http://poetsandquants.com/school-profile/university-of-iowa-tippie-school-of-management/
http://poetsandquants.com/school-profile/56-university-of-pittsburghs-joseph-m-katz-graduate-school-of-business/,http://poetsandquants.com/school-profile/56-university-of-pittsburghs-joseph-m-katz-graduate-school-of-business/
http://poetsandquants.com/school-profile/the-george-washington-university-school-of-business/,http://poetsandquants.com/school-profile/the-george-washington-university-school-of-business/
http://poetsandquants.com/school-profile/48-babson-colleges-f-w-olin-graduate-school-of-business/,http://poetsandquants.com/school-profile/48-babson-colleges-f-w-olin-graduate-school-of-business/
http://poetsandquants.com/school-profile/university-of-minnesotas-carlson-school-of-management/,http://poetsandquants.com/school-profile/university-of-minnesotas-carlson-school-of-management/
http://poetsandquants.com/school-profile/pennsylvania-states-smeal-college-of-business/,http://poetsandquants.com/school-profile/pennsylvania-states-smeal-college-of-business/
http://poetsandquants.com/school-profile/the-university-of-texas-at-dallas-naveen-jindal-school-of-management/,http://poetsandquants.com/school-profile/the-university-of-texas-at-dallas-naveen-jindal-school-of-management/
Western (Ivey),http://poetsandquants.com/school-profile/western-universitys-ivey-business-school/
http://poetsandquants.com/school-profile/temple-universitys-fox-school-business/,http://poetsandquants.com/school-profile/temple-universitys-fox-school-business/
http://poetsandquants.com/school-profile/ipade-business-school-pan-american-university/,http://poetsandquants.com/school-profile/ipade-business-school-pan-american-university/
Birmingham,http://poetsandquants.com/school-profile/birmingham-business-school-birmingham-university/
Queen’s University,http://poetsandquants.com/school-profile/australian-graduate-school-management/
